{
	"format_version": "1.8.0",
	"animations": {
		"reload": {
			"loop": "once",
			"animation_length": 5.16667,
			"bones": {
				"leftArm": {
					"position": {
						"0": {
							"vector": [-2, 0, -7]
						},
						"5": {
							"vector": [-2, 0, -5]
						},
						"0.20833": {
							"vector": [0, 0, -6]
						},
						"0.54167": {
							"vector": [-0.4, 1.3, 6]
						},
						"0.66667": {
							"vector": [-0.4, 0.6, 6]
						},
						"0.91667": {
							"vector": [-0.6, 1, 7]
						},
						"1.08333": {
							"vector": [0.1, 5.6, 5.1]
						},
						"1.33333": {
							"vector": [1.1, 0.6, 5.1]
						},
						"1.41667": {
							"vector": [1.1, -5.4, 5.1]
						},
						"1.66667": {
							"vector": [-4.9, -5.4, 5.1]
						},
						"2.58333": {
							"vector": [-4.9, -5.4, 5.8]
						},
						"2.91667": {
							"vector": [-1.9, -5.4, 5.8]
						},
						"3.125": {
							"vector": [3.1, -5.4, 5.8]
						},
						"3.29167": {
							"vector": [3.1, -1.4, 5.8]
						},
						"3.45833": {
							"vector": [3.1, 0.6, 5.8]
						},
						"3.58333": {
							"vector": [1.1, 0.6, 5.8]
						},
						"3.83333": {
							"vector": [0.1, 0.6, 5.4]
						},
						"4.16667": {
							"vector": [-0.3, 0.6, 5]
						},
						"4.5": {
							"vector": [-0.3, -1.4, 5]
						},
						"4.625": {
							"vector": [-0.3, -1.4, 1]
						},
						"4.79167": {
							"vector": [-2, 0, -7]
						},
						"5.16667": {
							"vector": [-2, 0, -7]
						}
					},
					"rotation": {
						"0": {
							"vector": [96.038, -19.7369, 176.8915]
						},
						"4": {
							"vector": [129.3723, -75.5006, 157.5517]
						},
						"0.20833": {
							"vector": [95.5749, -29.9372, 178.5083]
						},
						"0.54167": {
							"vector": [113.0276, -69.3085, 166.4634]
						},
						"0.66667": {
							"vector": [118.0263, -69.3086, 166.4647]
						},
						"0.91667": {
							"vector": [125.5273, -69.3085, 166.464]
						},
						"1.08333": {
							"vector": [169.2357, -76.7232, 170.4196]
						},
						"1.33333": {
							"vector": [138.0275, -69.3085, 166.4637]
						},
						"1.41667": {
							"vector": [108.0266, -69.3091, 166.4647]
						},
						"1.66667": {
							"vector": [78.026, -69.3092, 166.4655]
						},
						"1.75": {
							"vector": [73.0274, -69.3089, 166.4637]
						},
						"2.58333": {
							"vector": [50.7552, -75.0394, 168.961]
						},
						"2.91667": {
							"vector": [81.7397, -73.3473, 175.7314]
						},
						"3.125": {
							"vector": [119.0469, -72.2733, 168.0844]
						},
						"3.29167": {
							"vector": [125.3936, -72.8103, 171.908]
						},
						"3.45833": {
							"vector": [106.7403, -73.3472, 175.7316]
						},
						"3.83333": {
							"vector": [110.9937, -78.0515, 168.7683]
						},
						"4.16667": {
							"vector": [142.7508, -72.9496, 146.3352]
						},
						"4.5": {
							"vector": [103.4905, -78.0512, 168.7718]
						},
						"4.625": {
							"vector": [93.1463, -28.3358, 180.4851]
						},
						"4.79167": {
							"vector": [96.9226, -19.455, 174.2544]
						},
						"5.16667": {
							"vector": [96.038, -19.7369, 176.8915]
						}
					}
				},
				"rightArm": {
					"position": {
						"0": {
							"vector": [4.9, -2.3, 2.2]
						},
						"4": {
							"vector": [4.9, -2.3, 2.2]
						},
						"4.41667": {
							"vector": [4.9, -2.4, 2.6]
						},
						"4.79167": {
							"vector": [4.9, -2.3, 2.2]
						}
					},
					"rotation": {
						"0": {
							"vector": [100.2531, -12.2121, -2.6333]
						},
						"4": {
							"vector": [100.2531, -12.2121, -2.6333]
						},
						"4.41667": {
							"vector": [85.2531, -12.2121, -2.6333]
						},
						"4.79167": {
							"vector": [100.2531, -12.2121, -2.6333]
						}
					}
				},
				"barrel": {
					"position": {
						"0": {
							"vector": [0, 0, 0]
						},
						"5": {
							"vector": [0, 0, 1]
						},
						"4.79167": {
							"vector": [0, 0, 0]
						},
						"5.16667": {
							"vector": [0, 0, 0]
						}
					},
					"rotation": {
						"0": {
							"vector": [0, 0, 0]
						},
						"4.79167": {
							"vector": [0, 0, 0]
						},
						"5.16667": {
							"vector": [0, 0, 0]
						}
					}
				},
				"reload": {
					"position": {
						"0": {
							"vector": [0, 0, 0]
						},
						"0.54167": {
							"vector": [0, 0, 0]
						},
						"0.91667": {
							"vector": [0, 1, 1]
						},
						"1.08333": {
							"vector": [4, 9, 1],
							"easing": "easeInExpo"
						},
						"1.16667": {
							"vector": [5.25, 11.5, 1]
						},
						"1.20833": {
							"vector": [9, 13, 1]
						},
						"1.29167": {
							"vector": [13, 12.2, 1]
						},
						"1.33333": {
							"vector": [15, 9.2, 1]
						},
						"1.41667": {
							"vector": [17, -4.8, 1]
						},
						"1.5": {
							"vector": [17, -15.8, 1]
						},
						"1.54167": {
							"vector": [-3, -13.8, 1]
						},
						"1.75": {
							"vector": [-4, -11.8, 1]
						},
						"1.875": {
							"vector": [-3, -11.8, 1]
						},
						"2.58333": {
							"vector": [-3, -11.8, 1]
						},
						"2.91667": {
							"vector": [-1, -8.8, 0.7]
						},
						"2.95833": {
							"vector": [-0.9, -8.8, 0.7]
						},
						"3.125": {
							"vector": [4, -5.8, 0.3]
						},
						"3.29167": {
							"vector": [4.4, -0.8, 0.8]
						},
						"3.45833": {
							"vector": [3.4, -0.2, 0.5]
						},
						"3.58333": {
							"vector": [0.4, -0.2, 0.5]
						},
						"4.16667": {
							"vector": [0, 0, 0]
						},
						"4.79167": {
							"vector": [0, 0, 0]
						}
					},
					"rotation": {
						"0": {
							"vector": [0, 0, 0]
						},
						"0.54167": {
							"vector": [0, 0, 0]
						},
						"0.66667": {
							"vector": [0, 0, 30]
						},
						"1.08333": {
							"vector": [0, 0, 30],
							"easing": "easeInExpo"
						},
						"1.20833": {
							"vector": [-3.5552, -7.6777, 68.3796]
						},
						"2.91667": {
							"vector": [-16.0552, -7.6777, 68.3796]
						},
						"3.125": {
							"vector": [-17.6454, 1.9822, 99.4875]
						},
						"4.16667": {
							"vector": [0, 0, 0]
						},
						"4.79167": {
							"vector": [0, 0, 0]
						}
					}
				},
				"gunFrame": {
					"position": {
						"vector": [0, 0, 0]
					},
					"rotation": {
						"vector": [0, 0, 0]
					}
				},
				"gun": {
					"position": {
						"0": {
							"vector": [0, 2, 4]
						},
						"4": {
							"vector": [0, 2, 4]
						},
						"4.375": {
							"vector": [0, 2, 5]
						},
						"4.79167": {
							"vector": [0, 2, 4]
						}
					},
					"rotation": {
						"0": {
							"vector": [-1, 0, 0]
						},
						"4": {
							"vector": [-1, 0, 0]
						},
						"4.375": {
							"vector": [-11, 0, 0]
						},
						"4.79167": {
							"vector": [-1, 0, 0]
						}
					}
				},
				"all": {
					"position": {
						"0": {
							"vector": [-2, 0, -7]
						},
						"4.08333": {
							"vector": [-2, 0, -7]
						},
						"4.79167": {
							"vector": [-2, 0, -7]
						},
						"5.16667": {
							"vector": [-2, 0, -7]
						}
					},
					"rotation": {
						"0": {
							"vector": [0, 0, 0]
						},
						"5": {
							"vector": [-2.5, 0, 0]
						},
						"0.41667": {
							"vector": [5, 0, 0]
						},
						"3.58333": {
							"vector": [5, 0, 0]
						},
						"4.08333": {
							"vector": [0, 0, 0]
						},
						"4.79167": {
							"vector": [0, 0, 0]
						},
						"5.16667": {
							"vector": [0, 0, 0]
						}
					}
				}
			}
		},
		"idle": {
			"loop": true,
			"animation_length": 2,
			"bones": {
				"leftArm": {
					"position": {
						"vector": [-2, 0, -7]
					},
					"rotation": {
						"vector": [96.9228, -19.4547, 174.2546]
					}
				},
				"rightArm": {
					"position": {
						"vector": [4.9, -2.3, 2.2]
					},
					"rotation": {
						"vector": [100.2531, -12.2121, -2.6333]
					}
				},
				"barrel": {
					"position": {
						"vector": [0, 0, 0]
					},
					"rotation": {
						"vector": [0, 0, 0]
					}
				},